{
    "sup": {
        "vector": [
            0.10216916874736637,
            0.004005477136564217,
            3.037693511340415,
            0.24406195778740922,
            0.2637103442775914,
            0.9340820306103225,
            0.004875888090731526,
            0.18909547738693466,
            -36.85869248694545,
            2.2590106888429498,
            0.028317433776575727,
            0.34368107545506416,
            0.10582623211957468,
            0.013066893441135269,
            -0.1565203322503537,
            0.031108443244111283,
            0.02568638692695796,
            -0.002650213653921392,
            -0.060685249931613575,
            -0.08614322642477049,
            0.024228860258955272,
            0.012841111340141752,
            0.003520576730514459,
            0.05410724113487709,
            0.015158136664309853,
            0.02681915270771687,
            0.00884392284156041,
            0.07342821824705958,
            0.0012463700821603967,
            0.005439079636208415,
            0.024029246874963366,
            0.024727652852296934,
            0.003500304878846048,
            0.02736669922025127,
            -0.0006540839365790154,
            1.210036812541938e-09,
            -0.0007256363498590197,
            -0.0013050839434334885,
            -3.604870443220506e-05,
            -0.013327756279465062,
            2.692047000291583e-05,
            -0.004020100502512564,
            0.021071426817833583,
            0.010304201590527156,
            -0.0002649322592431607,
            0.0026469439738302653,
            0.001229474035196838,
            0.0008964530419274977,
            -4.2693831057403925e-06,
            0.00040955165022547136,
            0.0006490299371530271,
            0.0008374956701028531,
            -0.00020713122911657802,
            -0.0007503565734740795,
            0.0001556540461463025,
            9.351962677049486e-05,
            -1.7748816207174497e-05,
            5.280539575942829e-05,
            -7.4323344902972725e-06,
            0.0001952508209271937,
            -2.051903875844244e-05,
            0.0008783815340233739,
            -7.569434758049195e-06,
            8.9818738780732e-06,
            7.245366499184873e-05,
            9.781640706059725e-05,
            4.810436576064121e-05,
            0.00023379452240942716
        ],
        "passphrase": "open"
    },
    "tooba": {
        "vector": [
            0.1084207017565927,
            0.008624952998096376,
            3.080174152972673,
            0.25735243722195433,
            0.2706127457851873,
            1.0456829570369797,
            0.004679109449559394,
            0.1896105527638191,
            -35.86579826376366,
            1.9910804406335478,
            -0.03538134302623337,
            0.3384555299121301,
            0.12475796344263486,
            0.02477266691706276,
            -0.138587313748715,
            0.13083592227775934,
            0.0775792809615347,
            -0.019441321228275767,
            -0.013787957962906926,
            0.0050604767499537184,
            0.07482799210962557,
            0.01179759003589335,
            0.004247794528436453,
            0.051821574032326255,
            0.01227010213991471,
            0.02878157718411072,
            0.01099853563745652,
            0.06481613540206808,
            0.004275733248740336,
            0.005255734921185252,
            0.019247266374935613,
            0.02658159926249016,
            0.004975328251687199,
            0.027395788961933554,
            -0.00047798441519235737,
            1.6439305501058331e-09,
            -0.0003497030375459534,
            -0.0012257483578588266,
            2.8110880464786457e-06,
            -0.01158694773398727,
            2.182422645043964e-05,
            -0.0037939698492462336,
            0.021357942073209953,
            0.009396517741264453,
            -0.001734356123610096,
            0.002843323150424082,
            0.0020209408169708054,
            0.0011541395752760187,
            0.0010305351412029887,
            0.0014171325379089069,
            0.00027785484565506335,
            -0.0008912892797958068,
            0.0004463935297146398,
            0.0014009139141167597,
            0.00144115415812382,
            -1.4871788116137081e-05,
            -1.4240601981819987e-05,
            0.0005639946074335947,
            2.4283446713562355e-05,
            4.5616966557459366e-05,
            8.683393659783538e-05,
            9.887401630082326e-05,
            -2.9348662579960493e-06,
            -4.619039493177788e-06,
            4.7822530173853716e-05,
            0.00027452932026804773,
            -2.831491442368419e-06,
            0.00015678009669943294
        ],
        "passphrase": "hello world"
    }
}